{
    "utterances": [
        {
            "text": "12mc90",
            "entities": [],
            "traits": []
        },
        {
            "text": "12miu",
            "entities": [],
            "traits": []
        },
        {
            "text": "bye",
            "entities": [],
            "traits": [],
            "intent": "tam_biet"
        },
        {
            "text": "chao ban",
            "entities": [],
            "traits": [],
            "intent": "chao_hoi"
        },
        {
            "text": "dang ky goi cuoc",
            "entities": [],
            "traits": [],
            "intent": "dang_ky_goi_cuoc"
        },
        {
            "text": "dang ky goi cuoc mc90",
            "entities": [],
            "traits": [],
            "intent": "dang_ky_goi_cuoc"
        },
        {
            "text": "dang ky goi cuoc miu",
            "entities": [],
            "traits": [],
            "intent": "dang_ky_goi_cuoc"
        },
        {
            "text": "gap lai sau",
            "entities": [],
            "traits": [],
            "intent": "tam_biet"
        },
        {
            "text": "hello",
            "entities": [],
            "traits": [],
            "intent": "chao_hoi"
        },
        {
            "text": "hen gap lai",
            "entities": [],
            "traits": [],
            "intent": "tam_biet"
        },
        {
            "text": "hi",
            "entities": [],
            "traits": [],
            "intent": "chao_hoi"
        },
        {
            "text": "miu",
            "entities": [],
            "traits": []
        },
        {
            "text": "tam biet",
            "entities": [],
            "traits": [],
            "intent": "tam_biet"
        },
        {
            "text": "thong tin goi cuoc",
            "entities": [],
            "traits": [],
            "intent": "tra_cuu_goi_cuoc"
        },
        {
            "text": "thong tin goi cuoc 12miu",
            "entities": [],
            "traits": [],
            "intent": "tra_cuu_goi_cuoc"
        },
        {
            "text": "thong tin goi cuoc mc90",
            "entities": [],
            "traits": [],
            "intent": "tra_cuu_goi_cuoc"
        },
        {
            "text": "thong tin goi cuoc miu",
            "entities": [],
            "traits": [],
            "intent": "tra_cuu_goi_cuoc"
        },
        {
            "text": "xinchao",
            "entities": [],
            "traits": [],
            "intent": "chao_hoi"
        }
    ]
}
